k,l,m,sum,sum_mod_6,kind,n_broad,n_narrow,selection,basis_slots,off_rule_slots
0,0,0,0,0,BBB,3,0,EXCLUDED,0,17677595125
0,0,1,1,1,BBN,2,1,ALLOWED,6786025,0
0,0,2,2,2,BBN,2,1,EXCLUDED,0,6786025
0,0,3,3,3,BBN,2,1,EXCLUDED,0,6786025
0,0,4,4,4,BBN,2,1,EXCLUDED,0,6786025
0,0,5,5,5,BBN,2,1,EXCLUDED,0,6786025
0,1,0,1,1,BNB,2,1,ALLOWED,6786025,0
0,1,1,2,2,BNN,1,2,EXCLUDED,0,2605
0,1,2,3,3,BNN,1,2,EXCLUDED,0,2605
0,1,3,4,4,BNN,1,2,EXCLUDED,0,2605
0,1,4,5,5,BNN,1,2,EXCLUDED,0,2605
0,1,5,6,0,BNN,1,2,EXCLUDED,0,2605
0,2,0,2,2,BNB,2,1,EXCLUDED,0,6786025
0,2,1,3,3,BNN,1,2,EXCLUDED,0,2605
0,2,2,4,4,BNN,1,2,EXCLUDED,0,2605
0,2,3,5,5,BNN,1,2,EXCLUDED,0,2605
0,2,4,6,0,BNN,1,2,EXCLUDED,0,2605
0,2,5,7,1,BNN,1,2,ALLOWED,2605,0
0,3,0,3,3,BNB,2,1,EXCLUDED,0,6786025
0,3,1,4,4,BNN,1,2,EXCLUDED,0,2605
0,3,2,5,5,BNN,1,2,EXCLUDED,0,2605
0,3,3,6,0,BNN,1,2,EXCLUDED,0,2605
0,3,4,7,1,BNN,1,2,ALLOWED,2605,0
0,3,5,8,2,BNN,1,2,EXCLUDED,0,2605
0,4,0,4,4,BNB,2,1,EXCLUDED,0,6786025
0,4,1,5,5,BNN,1,2,EXCLUDED,0,2605
0,4,2,6,0,BNN,1,2,EXCLUDED,0,2605
0,4,3,7,1,BNN,1,2,ALLOWED,2605,0
0,4,4,8,2,BNN,1,2,EXCLUDED,0,2605
0,4,5,9,3,BNN,1,2,EXCLUDED,0,2605
0,5,0,5,5,BNB,2,1,EXCLUDED,0,6786025
0,5,1,6,0,BNN,1,2,EXCLUDED,0,2605
0,5,2,7,1,BNN,1,2,ALLOWED,2605,0
0,5,3,8,2,BNN,1,2,EXCLUDED,0,2605
0,5,4,9,3,BNN,1,2,EXCLUDED,0,2605
0,5,5,10,4,BNN,1,2,EXCLUDED,0,2605
1,0,0,1,1,NBB,2,1,ALLOWED,6786025,0
1,0,1,2,2,NBN,1,2,EXCLUDED,0,2605
1,0,2,3,3,NBN,1,2,EXCLUDED,0,2605
1,0,3,4,4,NBN,1,2,EXCLUDED,0,2605
1,0,4,5,5,NBN,1,2,EXCLUDED,0,2605
1,0,5,6,0,NBN,1,2,EXCLUDED,0,2605
1,1,0,2,2,NNB,1,2,EXCLUDED,0,2605
1,1,1,3,3,NNN,0,3,EXCLUDED,0,1
1,1,2,4,4,NNN,0,3,EXCLUDED,0,1
1,1,3,5,5,NNN,0,3,EXCLUDED,0,1
1,1,4,6,0,NNN,0,3,EXCLUDED,0,1
1,1,5,7,1,NNN,0,3,ALLOWED,1,0
1,2,0,3,3,NNB,1,2,EXCLUDED,0,2605
1,2,1,4,4,NNN,0,3,EXCLUDED,0,1
1,2,2,5,5,NNN,0,3,EXCLUDED,0,1
1,2,3,6,0,NNN,0,3,EXCLUDED,0,1
1,2,4,7,1,NNN,0,3,ALLOWED,1,0
1,2,5,8,2,NNN,0,3,EXCLUDED,0,1
1,3,0,4,4,NNB,1,2,EXCLUDED,0,2605
1,3,1,5,5,NNN,0,3,EXCLUDED,0,1
1,3,2,6,0,NNN,0,3,EXCLUDED,0,1
1,3,3,7,1,NNN,0,3,ALLOWED,1,0
1,3,4,8,2,NNN,0,3,EXCLUDED,0,1
1,3,5,9,3,NNN,0,3,EXCLUDED,0,1
1,4,0,5,5,NNB,1,2,EXCLUDED,0,2605
1,4,1,6,0,NNN,0,3,EXCLUDED,0,1
1,4,2,7,1,NNN,0,3,ALLOWED,1,0
1,4,3,8,2,NNN,0,3,EXCLUDED,0,1
1,4,4,9,3,NNN,0,3,EXCLUDED,0,1
1,4,5,10,4,NNN,0,3,EXCLUDED,0,1
1,5,0,6,0,NNB,1,2,EXCLUDED,0,2605
1,5,1,7,1,NNN,0,3,ALLOWED,1,0
1,5,2,8,2,NNN,0,3,EXCLUDED,0,1
1,5,3,9,3,NNN,0,3,EXCLUDED,0,1
1,5,4,10,4,NNN,0,3,EXCLUDED,0,1
1,5,5,11,5,NNN,0,3,EXCLUDED,0,1
2,0,0,2,2,NBB,2,1,EXCLUDED,0,6786025
2,0,1,3,3,NBN,1,2,EXCLUDED,0,2605
2,0,2,4,4,NBN,1,2,EXCLUDED,0,2605
2,0,3,5,5,NBN,1,2,EXCLUDED,0,2605
2,0,4,6,0,NBN,1,2,EXCLUDED,0,2605
2,0,5,7,1,NBN,1,2,ALLOWED,2605,0
2,1,0,3,3,NNB,1,2,EXCLUDED,0,2605
2,1,1,4,4,NNN,0,3,EXCLUDED,0,1
2,1,2,5,5,NNN,0,3,EXCLUDED,0,1
2,1,3,6,0,NNN,0,3,EXCLUDED,0,1
2,1,4,7,1,NNN,0,3,ALLOWED,1,0
2,1,5,8,2,NNN,0,3,EXCLUDED,0,1
2,2,0,4,4,NNB,1,2,EXCLUDED,0,2605
2,2,1,5,5,NNN,0,3,EXCLUDED,0,1
2,2,2,6,0,NNN,0,3,EXCLUDED,0,1
2,2,3,7,1,NNN,0,3,ALLOWED,1,0
2,2,4,8,2,NNN,0,3,EXCLUDED,0,1
2,2,5,9,3,NNN,0,3,EXCLUDED,0,1
2,3,0,5,5,NNB,1,2,EXCLUDED,0,2605
2,3,1,6,0,NNN,0,3,EXCLUDED,0,1
2,3,2,7,1,NNN,0,3,ALLOWED,1,0
2,3,3,8,2,NNN,0,3,EXCLUDED,0,1
2,3,4,9,3,NNN,0,3,EXCLUDED,0,1
2,3,5,10,4,NNN,0,3,EXCLUDED,0,1
2,4,0,6,0,NNB,1,2,EXCLUDED,0,2605
2,4,1,7,1,NNN,0,3,ALLOWED,1,0
2,4,2,8,2,NNN,0,3,EXCLUDED,0,1
2,4,3,9,3,NNN,0,3,EXCLUDED,0,1
2,4,4,10,4,NNN,0,3,EXCLUDED,0,1
2,4,5,11,5,NNN,0,3,EXCLUDED,0,1
2,5,0,7,1,NNB,1,2,ALLOWED,2605,0
2,5,1,8,2,NNN,0,3,EXCLUDED,0,1
2,5,2,9,3,NNN,0,3,EXCLUDED,0,1
2,5,3,10,4,NNN,0,3,EXCLUDED,0,1
2,5,4,11,5,NNN,0,3,EXCLUDED,0,1
2,5,5,12,0,NNN,0,3,EXCLUDED,0,1
3,0,0,3,3,NBB,2,1,EXCLUDED,0,6786025
3,0,1,4,4,NBN,1,2,EXCLUDED,0,2605
3,0,2,5,5,NBN,1,2,EXCLUDED,0,2605
3,0,3,6,0,NBN,1,2,EXCLUDED,0,2605
3,0,4,7,1,NBN,1,2,ALLOWED,2605,0
3,0,5,8,2,NBN,1,2,EXCLUDED,0,2605
3,1,0,4,4,NNB,1,2,EXCLUDED,0,2605
3,1,1,5,5,NNN,0,3,EXCLUDED,0,1
3,1,2,6,0,NNN,0,3,EXCLUDED,0,1
3,1,3,7,1,NNN,0,3,ALLOWED,1,0
3,1,4,8,2,NNN,0,3,EXCLUDED,0,1
3,1,5,9,3,NNN,0,3,EXCLUDED,0,1
3,2,0,5,5,NNB,1,2,EXCLUDED,0,2605
3,2,1,6,0,NNN,0,3,EXCLUDED,0,1
3,2,2,7,1,NNN,0,3,ALLOWED,1,0
3,2,3,8,2,NNN,0,3,EXCLUDED,0,1
3,2,4,9,3,NNN,0,3,EXCLUDED,0,1
3,2,5,10,4,NNN,0,3,EXCLUDED,0,1
3,3,0,6,0,NNB,1,2,EXCLUDED,0,2605
3,3,1,7,1,NNN,0,3,ALLOWED,1,0
3,3,2,8,2,NNN,0,3,EXCLUDED,0,1
3,3,3,9,3,NNN,0,3,EXCLUDED,0,1
3,3,4,10,4,NNN,0,3,EXCLUDED,0,1
3,3,5,11,5,NNN,0,3,EXCLUDED,0,1
3,4,0,7,1,NNB,1,2,ALLOWED,2605,0
3,4,1,8,2,NNN,0,3,EXCLUDED,0,1
3,4,2,9,3,NNN,0,3,EXCLUDED,0,1
3,4,3,10,4,NNN,0,3,EXCLUDED,0,1
3,4,4,11,5,NNN,0,3,EXCLUDED,0,1
3,4,5,12,0,NNN,0,3,EXCLUDED,0,1
3,5,0,8,2,NNB,1,2,EXCLUDED,0,2605
3,5,1,9,3,NNN,0,3,EXCLUDED,0,1
3,5,2,10,4,NNN,0,3,EXCLUDED,0,1
3,5,3,11,5,NNN,0,3,EXCLUDED,0,1
3,5,4,12,0,NNN,0,3,EXCLUDED,0,1
3,5,5,13,1,NNN,0,3,ALLOWED,1,0
4,0,0,4,4,NBB,2,1,EXCLUDED,0,6786025
4,0,1,5,5,NBN,1,2,EXCLUDED,0,2605
4,0,2,6,0,NBN,1,2,EXCLUDED,0,2605
4,0,3,7,1,NBN,1,2,ALLOWED,2605,0
4,0,4,8,2,NBN,1,2,EXCLUDED,0,2605
4,0,5,9,3,NBN,1,2,EXCLUDED,0,2605
4,1,0,5,5,NNB,1,2,EXCLUDED,0,2605
4,1,1,6,0,NNN,0,3,EXCLUDED,0,1
4,1,2,7,1,NNN,0,3,ALLOWED,1,0
4,1,3,8,2,NNN,0,3,EXCLUDED,0,1
4,1,4,9,3,NNN,0,3,EXCLUDED,0,1
4,1,5,10,4,NNN,0,3,EXCLUDED,0,1
4,2,0,6,0,NNB,1,2,EXCLUDED,0,2605
4,2,1,7,1,NNN,0,3,ALLOWED,1,0
4,2,2,8,2,NNN,0,3,EXCLUDED,0,1
4,2,3,9,3,NNN,0,3,EXCLUDED,0,1
4,2,4,10,4,NNN,0,3,EXCLUDED,0,1
4,2,5,11,5,NNN,0,3,EXCLUDED,0,1
4,3,0,7,1,NNB,1,2,ALLOWED,2605,0
4,3,1,8,2,NNN,0,3,EXCLUDED,0,1
4,3,2,9,3,NNN,0,3,EXCLUDED,0,1
4,3,3,10,4,NNN,0,3,EXCLUDED,0,1
4,3,4,11,5,NNN,0,3,EXCLUDED,0,1
4,3,5,12,0,NNN,0,3,EXCLUDED,0,1
4,4,0,8,2,NNB,1,2,EXCLUDED,0,2605
4,4,1,9,3,NNN,0,3,EXCLUDED,0,1
4,4,2,10,4,NNN,0,3,EXCLUDED,0,1
4,4,3,11,5,NNN,0,3,EXCLUDED,0,1
4,4,4,12,0,NNN,0,3,EXCLUDED,0,1
4,4,5,13,1,NNN,0,3,ALLOWED,1,0
4,5,0,9,3,NNB,1,2,EXCLUDED,0,2605
4,5,1,10,4,NNN,0,3,EXCLUDED,0,1
4,5,2,11,5,NNN,0,3,EXCLUDED,0,1
4,5,3,12,0,NNN,0,3,EXCLUDED,0,1
4,5,4,13,1,NNN,0,3,ALLOWED,1,0
4,5,5,14,2,NNN,0,3,EXCLUDED,0,1
5,0,0,5,5,NBB,2,1,EXCLUDED,0,6786025
5,0,1,6,0,NBN,1,2,EXCLUDED,0,2605
5,0,2,7,1,NBN,1,2,ALLOWED,2605,0
5,0,3,8,2,NBN,1,2,EXCLUDED,0,2605
5,0,4,9,3,NBN,1,2,EXCLUDED,0,2605
5,0,5,10,4,NBN,1,2,EXCLUDED,0,2605
5,1,0,6,0,NNB,1,2,EXCLUDED,0,2605
5,1,1,7,1,NNN,0,3,ALLOWED,1,0
5,1,2,8,2,NNN,0,3,EXCLUDED,0,1
5,1,3,9,3,NNN,0,3,EXCLUDED,0,1
5,1,4,10,4,NNN,0,3,EXCLUDED,0,1
5,1,5,11,5,NNN,0,3,EXCLUDED,0,1
5,2,0,7,1,NNB,1,2,ALLOWED,2605,0
5,2,1,8,2,NNN,0,3,EXCLUDED,0,1
5,2,2,9,3,NNN,0,3,EXCLUDED,0,1
5,2,3,10,4,NNN,0,3,EXCLUDED,0,1
5,2,4,11,5,NNN,0,3,EXCLUDED,0,1
5,2,5,12,0,NNN,0,3,EXCLUDED,0,1
5,3,0,8,2,NNB,1,2,EXCLUDED,0,2605
5,3,1,9,3,NNN,0,3,EXCLUDED,0,1
5,3,2,10,4,NNN,0,3,EXCLUDED,0,1
5,3,3,11,5,NNN,0,3,EXCLUDED,0,1
5,3,4,12,0,NNN,0,3,EXCLUDED,0,1
5,3,5,13,1,NNN,0,3,ALLOWED,1,0
5,4,0,9,3,NNB,1,2,EXCLUDED,0,2605
5,4,1,10,4,NNN,0,3,EXCLUDED,0,1
5,4,2,11,5,NNN,0,3,EXCLUDED,0,1
5,4,3,12,0,NNN,0,3,EXCLUDED,0,1
5,4,4,13,1,NNN,0,3,ALLOWED,1,0
5,4,5,14,2,NNN,0,3,EXCLUDED,0,1
5,5,0,10,4,NNB,1,2,EXCLUDED,0,2605
5,5,1,11,5,NNN,0,3,EXCLUDED,0,1
5,5,2,12,0,NNN,0,3,EXCLUDED,0,1
5,5,3,13,1,NNN,0,3,ALLOWED,1,0
5,5,4,14,2,NNN,0,3,EXCLUDED,0,1
5,5,5,15,3,NNN,0,3,EXCLUDED,0,1
