k,l,m,sum,kind,basis_slots,status
0,0,1,1,BBN,6786025,OPEN
0,1,0,1,BNB,6786025,OPEN
0,2,5,7,BNN,2605,OPEN
0,3,4,7,BNN,2605,OPEN
0,4,3,7,BNN,2605,OPEN
0,5,2,7,BNN,2605,OPEN
1,0,0,1,NBB,6786025,OPEN
1,1,5,7,NNN,1,OPEN (one NNN pairing is volume 6; not the table)
1,2,4,7,NNN,1,OPEN
1,3,3,7,NNN,1,OPEN
1,4,2,7,NNN,1,OPEN
1,5,1,7,NNN,1,OPEN
2,0,5,7,NBN,2605,OPEN
2,1,4,7,NNN,1,OPEN
2,2,3,7,NNN,1,OPEN
2,3,2,7,NNN,1,OPEN
2,4,1,7,NNN,1,OPEN
2,5,0,7,NNB,2605,OPEN
3,0,4,7,NBN,2605,OPEN
3,1,3,7,NNN,1,OPEN
3,2,2,7,NNN,1,OPEN
3,3,1,7,NNN,1,OPEN
3,4,0,7,NNB,2605,OPEN
3,5,5,13,NNN,1,OPEN
4,0,3,7,NBN,2605,OPEN
4,1,2,7,NNN,1,OPEN
4,2,1,7,NNN,1,OPEN
4,3,0,7,NNB,2605,OPEN
4,4,5,13,NNN,1,OPEN
4,5,4,13,NNN,1,OPEN
5,0,2,7,NBN,2605,OPEN
5,1,1,7,NNN,1,OPEN
5,2,0,7,NNB,2605,OPEN
5,3,5,13,NNN,1,OPEN
5,4,4,13,NNN,1,OPEN
5,5,3,13,NNN,1,OPEN
