"item","value","status","kind"
"off-rule decoration triples","180 of 216","CLOSED = 0","empty F-spin stack"
"volume int_X omega^4","6","CLOSED","narrow Lefschetz pairing"
"mu(W)","25","CLOSED","Jacobian dimension"
"mu(W^T)","26","CLOSED","Jacobian dimension"
"|det A| = |Aut(W)|","30","CLOSED","diagonal symmetry order"
"mu(F)","15625","CLOSED","25^3 Thom-Sebastiani"
"|Aut(F)|","27000","CLOSED","30^3 product of groups"
"Hilbert J-invariants","(1,426,1751,426,1)","CLOSED","primitive Hodge diamond"
"h^{2,2}","1752","CLOSED","1751+1 algebraic omega^2"
"b_4","2606","CLOSED","2605+1"
"state space dim","2610=2605+5","CLOSED","dimension match"
"Jac(W) residue triples","42 in {1,-6}","CLOSED as algebra","not F-vir"
"BBN mixed virtual-class numbers","OPEN","NOT EVALUATED","Frohman problem"
"BNN mixed virtual-class numbers","OPEN","NOT EVALUATED","Frohman problem"
"NNN cells other than volume 6","OPEN","NOT EVALUATED","Frohman problem"
"product of three Gueré integrals of W","does not equal the mixed table","PROVED as a statement","not a fill"
