integer,name,what_it_is
25,mu(W),Dimension of C[u,v]/(dW). Also b_1 of the Milnor fibre of the plane-curve germ (a bouquet of 25 circles).
26,mu(W^T),Same for the transpose germ. The extra monomial is v^{11} in (dW^T).
30,|det A| = |Aut(W)|,Order of the maximal diagonal symmetry group. Preserved by BHK transpose. Not mu.
15625 = 25^3,dim Jac(F),Thom-Sebastiani: three copies of the Jacobian algebra.
27000 = 30^3,|Aut(F)|,Product of the three symmetry groups.
"(1, 426, 1751, 426, 1)",Hilbert of Jac(F)^J,"Graded pieces of the J-invariants, degrees 0, 6, 12, 18, 24. Classical primitive Hodge numbers of any smooth sextic in P^5 (Griffiths 1968-69)."
2605,dim Jac(F)^J,"1+426+1751+426+1. The ordinary room."
1752 = 1751+1,h^{2,2}(X),Primitive piece plus omega^2.
2606 = 2605+1,b_4(X),Same extra 1.
5,narrow line,"Fixed loci of J, J^2, J^3, J^4, J^5 are the origin. One Lefschetz state each: 1, omega, omega^2, omega^3, omega^4."
2610 = 2605+5,dim H_{F,<J>},Both rooms. Equals dim H^bullet(X).
6 = int_X omega^4,degree,Volume of a sextic in P^5. One pairing on the narrow line.
"{1, -6}",42 residue triples,Structure constants of Jac(W) against the socle u^3 v^5.
