k,l,m,sum,kind,slots,status,note
0,0,1,1,BBN,6786025,OPEN,two broad + J^1; mixed-block slots live here
0,1,0,1,BNB,6786025,OPEN,two broad + J^1
1,0,0,1,NBB,6786025,OPEN,two broad + J^1
0,2,5,7,BNN,2605,OPEN,one broad + J^2 + J^5
0,3,4,7,BNN,2605,OPEN,one broad + J^3 + J^4
0,4,3,7,BNN,2605,OPEN,one broad + J^4 + J^3
0,5,2,7,BNN,2605,OPEN,one broad + J^5 + J^2
2,0,5,7,NBN,2605,OPEN,one broad + J^2 + J^5
3,0,4,7,NBN,2605,OPEN,one broad + J^3 + J^4
4,0,3,7,NBN,2605,OPEN,one broad + J^4 + J^3
5,0,2,7,NBN,2605,OPEN,one broad + J^5 + J^2
2,5,0,7,NNB,2605,OPEN,one broad + J^2 + J^5
3,4,0,7,NNB,2605,OPEN,one broad + J^3 + J^4
4,3,0,7,NNB,2605,OPEN,one broad + J^4 + J^3
5,2,0,7,NNB,2605,OPEN,one broad + J^5 + J^2
1,1,5,7,NNN,1,OPEN,sum 7; Lefschetz-line candidate
1,2,4,7,NNN,1,OPEN,sum 7; Lefschetz-line candidate
1,3,3,7,NNN,1,OPEN,sum 7; Lefschetz-line candidate
1,4,2,7,NNN,1,OPEN,sum 7; Lefschetz-line candidate
1,5,1,7,NNN,1,OPEN,sum 7; Lefschetz-line candidate
2,1,4,7,NNN,1,OPEN,sum 7; Lefschetz-line candidate
2,2,3,7,NNN,1,OPEN,sum 7; Lefschetz-line candidate
2,3,2,7,NNN,1,OPEN,sum 7; Lefschetz-line candidate
2,4,1,7,NNN,1,OPEN,sum 7; Lefschetz-line candidate
3,1,3,7,NNN,1,OPEN,sum 7; Lefschetz-line candidate
3,2,2,7,NNN,1,OPEN,sum 7; Lefschetz-line candidate
3,3,1,7,NNN,1,OPEN,sum 7; Lefschetz-line candidate
4,1,2,7,NNN,1,OPEN,sum 7; Lefschetz-line candidate
4,2,1,7,NNN,1,OPEN,sum 7; Lefschetz-line candidate
5,1,1,7,NNN,1,OPEN,sum 7; Lefschetz-line candidate
3,5,5,13,NNN,1,OPEN,sum 13; degree-forbidden on the Lefschetz line (constraint, not a mixed fill)
4,4,5,13,NNN,1,OPEN,sum 13; degree-forbidden on the Lefschetz line
4,5,4,13,NNN,1,OPEN,sum 13; degree-forbidden on the Lefschetz line
5,3,5,13,NNN,1,OPEN,sum 13; degree-forbidden on the Lefschetz line
5,4,4,13,NNN,1,OPEN,sum 13; degree-forbidden on the Lefschetz line
5,5,3,13,NNN,1,OPEN,sum 13; degree-forbidden on the Lefschetz line
